id,time,outerdevice_id,outerdevice_parameter_id,value,create_at,create_user,elec
41391956,12:00:00 AM,1370,21,1809760,0.023740741,DeviceDataService,110
41392149,1:00:00 AM,1370,21,1809864.88,0.023740741,DeviceDataService,104.88
41392342,2:00:00 AM,1370,21,1809966.38,0.023740741,DeviceDataService,101.5
41392535,3:00:00 AM,1370,21,1810058.38,0.023740741,DeviceDataService,92
41392728,4:00:00 AM,1370,21,1810154.75,0.023740741,DeviceDataService,96.37
41392921,5:00:00 AM,1370,21,1810258.88,0.023740741,DeviceDataService,104.13
41393114,6:00:00 AM,1370,21,1810379.25,0.023740741,DeviceDataService,120.37
41393307,7:00:00 AM,1370,21,1810523.12,0.023740741,DeviceDataService,143.87
41393500,8:00:00 AM,1370,21,1810696.88,0.023740741,DeviceDataService,173.76
41393693,9:00:00 AM,1370,21,1810943.25,0.023740741,DeviceDataService,246.37
41393886,10:00:00 AM,1370,21,1811224.12,0.023740741,DeviceDataService,280.87
41394079,11:00:00 AM,1370,21,1811483.12,0.023740741,DeviceDataService,259
41394272,12:00:00 PM,1370,21,1811727.62,0.023740741,DeviceDataService,244.5
41394465,1:00:00 PM,1370,21,1811972.88,0.023740741,DeviceDataService,245.26
41394658,2:00:00 PM,1370,21,1812240,0.023740741,DeviceDataService,267.12
41394851,3:00:00 PM,1370,21,1812507.62,0.023740741,DeviceDataService,267.62
41395044,4:00:00 PM,1370,21,1812787.25,0.023740741,DeviceDataService,279.63
41395237,5:00:00 PM,1370,21,1813054.88,0.023740741,DeviceDataService,267.63
41395430,6:00:00 PM,1370,21,1813290.38,0.023740741,DeviceDataService,235.5
41395623,7:00:00 PM,1370,21,1813508.38,0.023740741,DeviceDataService,218
41395816,8:00:00 PM,1370,21,1813709.12,0.023740741,DeviceDataService,200.74
41396009,9:00:00 PM,1370,21,1813901.12,0.023740741,DeviceDataService,192
41396202,10:00:00 PM,1370,21,1814083.25,0.023740741,DeviceDataService,182.13
41396395,11:00:00 PM,1370,21,1814236,0.023740741,DeviceDataService,152.75
41396571,12:00:00 AM,1370,21,1814337.12,0.023836806,DeviceDataService,101.12
41396764,1:00:00 AM,1370,21,1814438.38,0.023836806,DeviceDataService,101.26
41396957,2:00:00 AM,1370,21,1814538.75,0.023836806,DeviceDataService,100.37
41397150,3:00:00 AM,1370,21,1814638,0.023836806,DeviceDataService,99.25
41397343,4:00:00 AM,1370,21,1814731.25,0.023836806,DeviceDataService,93.25
41397536,5:00:00 AM,1370,21,1814838,0.023836806,DeviceDataService,106.75
41397729,6:00:00 AM,1370,21,1814955.25,0.023836806,DeviceDataService,117.25
41397922,7:00:00 AM,1370,21,1815092,0.023836806,DeviceDataService,136.75
41398115,8:00:00 AM,1370,21,1815273.25,0.023836806,DeviceDataService,181.25
41398308,9:00:00 AM,1370,21,1815519.62,0.023836806,DeviceDataService,246.37
41398501,10:00:00 AM,1370,21,1815784.88,0.023836806,DeviceDataService,265.26
41398694,11:00:00 AM,1370,21,1816057.25,0.023836806,DeviceDataService,272.37
41398887,12:00:00 PM,1370,21,1816301.12,0.023836806,DeviceDataService,243.87
41399080,1:00:00 PM,1370,21,1816540.38,0.023836806,DeviceDataService,239.26
41399273,2:00:00 PM,1370,21,1816802.88,0.023836806,DeviceDataService,262.5
41399466,3:00:00 PM,1370,21,1817066.75,0.023836806,DeviceDataService,263.87
41399659,4:00:00 PM,1370,21,1817343.62,0.023836806,DeviceDataService,276.87
41399852,5:00:00 PM,1370,21,1817600.38,0.023836806,DeviceDataService,256.76
41400045,6:00:00 PM,1370,21,1817830.75,0.023836806,DeviceDataService,230.37
41400238,7:00:00 PM,1370,21,1818038.75,0.023836806,DeviceDataService,208
41400431,8:00:00 PM,1370,21,1818232.88,0.023836806,DeviceDataService,194.13
41400624,9:00:00 PM,1370,21,1818422.75,0.023836806,DeviceDataService,189.87
41400817,10:00:00 PM,1370,21,1818602.75,0.023836806,DeviceDataService,180
41401010,11:00:00 PM,1370,21,1818746.38,0.023836806,DeviceDataService,143.63
41401200,12:00:00 AM,1370,21,1818851.62,0.023908565,DeviceDataService,105.24
41401393,1:00:00 AM,1370,21,1818954,0.023908565,DeviceDataService,102.38
41401586,2:00:00 AM,1370,21,1819055.25,0.023908565,DeviceDataService,101.25
41401779,3:00:00 AM,1370,21,1819157.62,0.023908565,DeviceDataService,102.37
41401972,4:00:00 AM,1370,21,1819256.5,0.023908565,DeviceDataService,98.88
41402165,5:00:00 AM,1370,21,1819360.38,0.023908565,DeviceDataService,103.88
41402358,6:00:00 AM,1370,21,1819480.5,0.023908565,DeviceDataService,120.12
41402551,7:00:00 AM,1370,21,1819612.38,0.023908565,DeviceDataService,131.88
41402744,8:00:00 AM,1370,21,1819778,0.023908565,DeviceDataService,165.62
41402937,9:00:00 AM,1370,21,1820015.62,0.023908565,DeviceDataService,237.62
41403130,10:00:00 AM,1370,21,1820284.75,0.023908565,DeviceDataService,269.13
41403323,11:00:00 AM,1370,21,1820545.5,0.023908565,DeviceDataService,260.75
41403516,12:00:00 PM,1370,21,1820785.12,0.023908565,DeviceDataService,239.62
41403709,1:00:00 PM,1370,21,1821016.88,0.023908565,DeviceDataService,231.76
41403902,2:00:00 PM,1370,21,1821273.62,0.023908565,DeviceDataService,256.74
41404095,3:00:00 PM,1370,21,1821522.88,0.023908565,DeviceDataService,249.26
41404288,4:00:00 PM,1370,21,1821784.88,0.023908565,DeviceDataService,262
41404481,5:00:00 PM,1370,21,1822026,0.023908565,DeviceDataService,241.12
41404674,6:00:00 PM,1370,21,1822242.38,0.023908565,DeviceDataService,216.38
41404867,7:00:00 PM,1370,21,1822438,0.023908565,DeviceDataService,195.62
41405060,8:00:00 PM,1370,21,1822620.75,0.023908565,DeviceDataService,182.75
41405253,9:00:00 PM,1370,21,1822790.38,0.023908565,DeviceDataService,169.63
41405446,10:00:00 PM,1370,21,1822949.62,0.023908565,DeviceDataService,159.24
41405639,11:00:00 PM,1370,21,1823078.75,0.023908565,DeviceDataService,129.13
41405850,12:00:00 AM,1370,21,1823172.38,0.023983796,DeviceDataService,93.63
41406043,1:00:00 AM,1370,21,1823265.5,0.023983796,DeviceDataService,93.12
41406236,2:00:00 AM,1370,21,1823356.75,0.023983796,DeviceDataService,91.25
41406429,3:00:00 AM,1370,21,1823441.12,0.023983796,DeviceDataService,84.37
41406622,4:00:00 AM,1370,21,1823523.62,0.023983796,DeviceDataService,82.5
41406815,5:00:00 AM,1370,21,1823604.38,0.023983796,DeviceDataService,80.76
41407008,6:00:00 AM,1370,21,1823691.25,0.023983796,DeviceDataService,86.87
41407201,7:00:00 AM,1370,21,1823780,0.023983796,DeviceDataService,88.75
41407394,8:00:00 AM,1370,21,1823869.12,0.023983796,DeviceDataService,89.12
41407587,9:00:00 AM,1370,21,1823962.38,0.023983796,DeviceDataService,93.26
41407780,10:00:00 AM,1370,21,1824067.25,0.023983796,DeviceDataService,104.87
41407973,11:00:00 AM,1370,21,1824177.62,0.023983796,DeviceDataService,110.37
41408166,12:00:00 PM,1370,21,1824292.88,0.023983796,DeviceDataService,115.26
41408359,1:00:00 PM,1370,21,1824409.62,0.023983796,DeviceDataService,116.74
41408552,2:00:00 PM,1370,21,1824529.62,0.023983796,DeviceDataService,120
41408745,3:00:00 PM,1370,21,1824653.62,0.023983796,DeviceDataService,124
41408938,4:00:00 PM,1370,21,1824777.62,0.023983796,DeviceDataService,124
41409131,5:00:00 PM,1370,21,1824902,0.023983796,DeviceDataService,124.38
41409324,6:00:00 PM,1370,21,1825024.75,0.023983796,DeviceDataService,122.75
41409517,7:00:00 PM,1370,21,1825148.75,0.023983796,DeviceDataService,124
41409710,8:00:00 PM,1370,21,1825264,0.023983796,DeviceDataService,115.25
41409903,9:00:00 PM,1370,21,1825377.12,0.023983796,DeviceDataService,113.12
41410096,10:00:00 PM,1370,21,1825488.75,0.023983796,DeviceDataService,111.63
41410289,11:00:00 PM,1370,21,1825588.75,0.023983796,DeviceDataService,100
41410496,12:00:00 AM,1370,21,1825675.62,0.024061343,DeviceDataService,86.87
41410689,1:00:00 AM,1370,21,1825761.12,0.024061343,DeviceDataService,85.5
41410882,2:00:00 AM,1370,21,1825846.38,0.024061343,DeviceDataService,85.26
41411075,3:00:00 AM,1370,21,1825931.62,0.024061343,DeviceDataService,85.24
41411268,4:00:00 AM,1370,21,1826016,0.024061343,DeviceDataService,84.38
41411461,5:00:00 AM,1370,21,1826100,0.024061343,DeviceDataService,84
41411654,6:00:00 AM,1370,21,1826185.62,0.024061343,DeviceDataService,85.62
41411847,7:00:00 AM,1370,21,1826278.75,0.024061343,DeviceDataService,93.13
41412040,8:00:00 AM,1370,21,1826376.88,0.024061343,DeviceDataService,98.13
41412233,9:00:00 AM,1370,21,1826476.75,0.024061343,DeviceDataService,99.87
41412426,10:00:00 AM,1370,21,1826584.88,0.024061343,DeviceDataService,108.13
41412619,11:00:00 AM,1370,21,1826698.38,0.024061343,DeviceDataService,113.5
41412812,12:00:00 PM,1370,21,1826814.88,0.024061343,DeviceDataService,116.5
41413005,1:00:00 PM,1370,21,1826936.12,0.024061343,DeviceDataService,121.24
41413198,2:00:00 PM,1370,21,1827059.62,0.024061343,DeviceDataService,123.5
41413391,3:00:00 PM,1370,21,1827184.38,0.024061343,DeviceDataService,124.76
41413584,4:00:00 PM,1370,21,1827308.75,0.024061343,DeviceDataService,124.37
41413777,5:00:00 PM,1370,21,1827432.88,0.024061343,DeviceDataService,124.13
41413970,6:00:00 PM,1370,21,1827556.38,0.024061343,DeviceDataService,123.5
41414163,7:00:00 PM,1370,21,1827677.62,0.024061343,DeviceDataService,121.24
41414356,8:00:00 PM,1370,21,1827785.25,0.024061343,DeviceDataService,107.63
41414549,9:00:00 PM,1370,21,1827890.38,0.024061343,DeviceDataService,105.13
41414742,10:00:00 PM,1370,21,1827992.5,0.024061343,DeviceDataService,102.12
41414935,11:00:00 PM,1370,21,1828086.38,0.024061343,DeviceDataService,93.88
41415086,12:00:00 AM,1370,21,1828171.25,0.024131944,DeviceDataService,84.87
41415279,1:00:00 AM,1370,21,1828254.5,0.024131944,DeviceDataService,83.25
41415472,2:00:00 AM,1370,21,1828337.12,0.024131944,DeviceDataService,82.62
41415665,3:00:00 AM,1370,21,1828420,0.024131944,DeviceDataService,82.88
41415858,4:00:00 AM,1370,21,1828506.38,0.024131944,DeviceDataService,86.38
41416051,5:00:00 AM,1370,21,1828604,0.024131944,DeviceDataService,97.62
41416244,6:00:00 AM,1370,21,1828712.5,0.024131944,DeviceDataService,108.5
41416437,7:00:00 AM,1370,21,1828839.88,0.024131944,DeviceDataService,127.38
41416630,8:00:00 AM,1370,21,1829009.12,0.024131944,DeviceDataService,169.24
41416823,9:00:00 AM,1370,21,1829253.62,0.024131944,DeviceDataService,244.5
41417016,10:00:00 AM,1370,21,1829528.12,0.024131944,DeviceDataService,274.5
41417209,11:00:00 AM,1370,21,1829804.38,0.024131944,DeviceDataService,276.26
41417402,12:00:00 PM,1370,21,1830068.75,0.024131944,DeviceDataService,264.37
41417595,1:00:00 PM,1370,21,1830321.12,0.024131944,DeviceDataService,252.37
41417788,2:00:00 PM,1370,21,1830592,0.024131944,DeviceDataService,270.88
41417981,3:00:00 PM,1370,21,1830860,0.024131944,DeviceDataService,268
41418174,4:00:00 PM,1370,21,1831143.12,0.024131944,DeviceDataService,283.12
41418367,5:00:00 PM,1370,21,1831407.25,0.024131944,DeviceDataService,264.13
41418560,6:00:00 PM,1370,21,1831648.38,0.024131944,DeviceDataService,241.13
41418753,7:00:00 PM,1370,21,1831869.62,0.024131944,DeviceDataService,221.24
41418946,8:00:00 PM,1370,21,1832069.25,0.024131944,DeviceDataService,199.63
41419139,9:00:00 PM,1370,21,1832260,0.024131944,DeviceDataService,190.75
41419332,10:00:00 PM,1370,21,1832440.88,0.024131944,DeviceDataService,180.88
41419525,11:00:00 PM,1370,21,1832588.75,0.024131944,DeviceDataService,147.87
41419761,12:00:00 AM,1370,21,1832692,0.024200231,DeviceDataService,103.25
41419954,1:00:00 AM,1370,21,1832792.5,0.024200231,DeviceDataService,100.5
41420147,2:00:00 AM,1370,21,1832891.12,0.024200231,DeviceDataService,98.62
41420340,3:00:00 AM,1370,21,1832989.62,0.024200231,DeviceDataService,98.5
41420533,4:00:00 AM,1370,21,1833088.38,0.024200231,DeviceDataService,98.76
41420726,5:00:00 AM,1370,21,1833195.62,0.024200231,DeviceDataService,107.24
41420919,6:00:00 AM,1370,21,1833322.38,0.024200231,DeviceDataService,126.76
41421112,7:00:00 AM,1370,21,1833465.62,0.024200231,DeviceDataService,143.24
41421305,8:00:00 AM,1370,21,1833650.38,0.024200231,DeviceDataService,184.76
41421498,9:00:00 AM,1370,21,1833904.75,0.024200231,DeviceDataService,254.37
41421691,10:00:00 AM,1370,21,1834194.88,0.024200231,DeviceDataService,290.13
41421884,11:00:00 AM,1370,21,1834468.88,0.024200231,DeviceDataService,274
41422077,12:00:00 PM,1370,21,1834718.88,0.024200231,DeviceDataService,250
41422270,1:00:00 PM,1370,21,1834963.62,0.024200231,DeviceDataService,244.74
41422463,2:00:00 PM,1370,21,1835230.5,0.024200231,DeviceDataService,266.88
41422656,3:00:00 PM,1370,21,1835499.62,0.024200231,DeviceDataService,269.12
41422849,4:00:00 PM,1370,21,1835778,0.024200231,DeviceDataService,278.38
41423042,5:00:00 PM,1370,21,1836041.25,0.024200231,DeviceDataService,263.25
41423235,6:00:00 PM,1370,21,1836276.75,0.024200231,DeviceDataService,235.5
41423428,7:00:00 PM,1370,21,1836495.25,0.024200231,DeviceDataService,218.5
41423621,8:00:00 PM,1370,21,1836694.38,0.024200231,DeviceDataService,199.13
41423814,9:00:00 PM,1370,21,1836882.38,0.024200231,DeviceDataService,188
41424007,10:00:00 PM,1370,21,1837062.38,0.024200231,DeviceDataService,180
41424200,11:00:00 PM,1370,21,1837213.12,0.024200231,DeviceDataService,150.74
41424365,12:00:00 AM,1370,21,1837314.38,0.024268519,DeviceDataService,101.26
41424558,1:00:00 AM,1370,21,1837415.5,0.024268519,DeviceDataService,101.12
41424751,2:00:00 AM,1370,21,1837515.25,0.024268519,DeviceDataService,99.75
41424944,3:00:00 AM,1370,21,1837610.38,0.024268519,DeviceDataService,95.13
41425137,4:00:00 AM,1370,21,1837706.38,0.024268519,DeviceDataService,96
41425330,5:00:00 AM,1370,21,1837812.75,0.024268519,DeviceDataService,106.37
41425523,6:00:00 AM,1370,21,1837930,0.024268519,DeviceDataService,117.25
41425716,7:00:00 AM,1370,21,1838075.62,0.024268519,DeviceDataService,145.62
41425909,8:00:00 AM,1370,21,1838258,0.024268519,DeviceDataService,182.38
41426102,9:00:00 AM,1370,21,1838506.75,0.024268519,DeviceDataService,248.75
41426295,10:00:00 AM,1370,21,1838787.62,0.024268519,DeviceDataService,280.87
41426488,11:00:00 AM,1370,21,1839055.25,0.024268519,DeviceDataService,267.63
41426681,12:00:00 PM,1370,21,1839302.38,0.024268519,DeviceDataService,247.13
41426874,1:00:00 PM,1370,21,1839550.5,0.024268519,DeviceDataService,248.12
41427067,2:00:00 PM,1370,21,1839817.25,0.024268519,DeviceDataService,266.75
41427260,3:00:00 PM,1370,21,1840086,0.024268519,DeviceDataService,268.75
41427453,4:00:00 PM,1370,21,1840372.75,0.024268519,DeviceDataService,286.75
41427646,5:00:00 PM,1370,21,1840634.75,0.024268519,DeviceDataService,262
41427839,6:00:00 PM,1370,21,1840878,0.024268519,DeviceDataService,243.25
41428032,7:00:00 PM,1370,21,1841095.5,0.024268519,DeviceDataService,217.5
41428225,8:00:00 PM,1370,21,1841293.62,0.024268519,DeviceDataService,198.12
41428418,9:00:00 PM,1370,21,1841484.75,0.024268519,DeviceDataService,191.13
41428611,10:00:00 PM,1370,21,1841671.5,0.024268519,DeviceDataService,186.75
41428804,11:00:00 PM,1370,21,1841829.62,0.024268519,DeviceDataService,158.12
41428994,12:00:00 AM,1370,21,1841934.38,0.024372685,DeviceDataService,104.76
41429187,1:00:00 AM,1370,21,1842039.12,0.024372685,DeviceDataService,104.74
41429380,2:00:00 AM,1370,21,1842144.38,0.024372685,DeviceDataService,105.26
41429573,3:00:00 AM,1370,21,1842244.88,0.024372685,DeviceDataService,100.5
41429766,4:00:00 AM,1370,21,1842346,0.024372685,DeviceDataService,101.12
41429959,5:00:00 AM,1370,21,1842460,0.024372685,DeviceDataService,114
41430152,6:00:00 AM,1370,21,1842586,0.024372685,DeviceDataService,126
41430345,7:00:00 AM,1370,21,1842734.38,0.024372685,DeviceDataService,148.38
41430538,8:00:00 AM,1370,21,1842927.25,0.024372685,DeviceDataService,192.87
41430731,9:00:00 AM,1370,21,1843182.38,0.024372685,DeviceDataService,255.13
41430924,10:00:00 AM,1370,21,1843475.25,0.024372685,DeviceDataService,292.87
41431117,11:00:00 AM,1370,21,1843754.75,0.024372685,DeviceDataService,279.5
41431310,12:00:00 PM,1370,21,1844011.25,0.024372685,DeviceDataService,256.5
41431503,1:00:00 PM,1370,21,1844263.88,0.024372685,DeviceDataService,252.63
41431696,2:00:00 PM,1370,21,1844540,0.024372685,DeviceDataService,276.12
41431889,3:00:00 PM,1370,21,1844824.88,0.024372685,DeviceDataService,284.88
41432082,4:00:00 PM,1370,21,1845112.5,0.024372685,DeviceDataService,287.62
41432275,5:00:00 PM,1370,21,1845376.75,0.024372685,DeviceDataService,264.25
41432468,6:00:00 PM,1370,21,1845618.38,0.024372685,DeviceDataService,241.63
41432661,7:00:00 PM,1370,21,1845842,0.024372685,DeviceDataService,223.62
41432854,8:00:00 PM,1370,21,1846048,0.024372685,DeviceDataService,206
41433047,9:00:00 PM,1370,21,1846241.12,0.024372685,DeviceDataService,193.12
41433240,10:00:00 PM,1370,21,1846424.88,0.024372685,DeviceDataService,183.76
41433433,11:00:00 PM,1370,21,1846584.5,0.024372685,DeviceDataService,159.62
41433638,12:00:00 AM,1370,21,1846694.75,0.024445602,DeviceDataService,110.25
41433831,1:00:00 AM,1370,21,1846802.38,0.024445602,DeviceDataService,107.63
41434024,2:00:00 AM,1370,21,1846902.75,0.024445602,DeviceDataService,100.37
41434217,3:00:00 AM,1370,21,1847003.12,0.024445602,DeviceDataService,100.37
41434410,4:00:00 AM,1370,21,1847107.62,0.024445602,DeviceDataService,104.5
41434603,5:00:00 AM,1370,21,1847218.88,0.024445602,DeviceDataService,111.26
41434796,6:00:00 AM,1370,21,1847345.12,0.024445602,DeviceDataService,126.24
41434989,7:00:00 AM,1370,21,1847495.88,0.024445602,DeviceDataService,150.76
41435182,8:00:00 AM,1370,21,1847674.75,0.024445602,DeviceDataService,178.87
41435375,9:00:00 AM,1370,21,1847923.25,0.024445602,DeviceDataService,248.5
41435568,10:00:00 AM,1370,21,1848206,0.024445602,DeviceDataService,282.75
41435761,11:00:00 AM,1370,21,1848478.88,0.024445602,DeviceDataService,272.88
41435954,12:00:00 PM,1370,21,1848732.38,0.024445602,DeviceDataService,253.5
41436147,1:00:00 PM,1370,21,1848985.25,0.024445602,DeviceDataService,252.87
41436340,2:00:00 PM,1370,21,1849251.62,0.024445602,DeviceDataService,266.37
41436533,3:00:00 PM,1370,21,1849521.12,0.024445602,DeviceDataService,269.5
41436726,4:00:00 PM,1370,21,1849790.5,0.024445602,DeviceDataService,269.38
41436919,5:00:00 PM,1370,21,1850042,0.024445602,DeviceDataService,251.5
41437112,6:00:00 PM,1370,21,1850269.62,0.024445602,DeviceDataService,227.62
41437305,7:00:00 PM,1370,21,1850472.88,0.024445602,DeviceDataService,203.26
41437498,8:00:00 PM,1370,21,1850658.88,0.024445602,DeviceDataService,186
41437691,9:00:00 PM,1370,21,1850837.25,0.024445602,DeviceDataService,178.37
41437884,10:00:00 PM,1370,21,1851008.75,0.024445602,DeviceDataService,171.5
41438077,11:00:00 PM,1370,21,1851149.62,0.024445602,DeviceDataService,140.87
41438276,12:00:00 AM,1370,21,1851244.38,0.02452662,DeviceDataService,94.76
41438469,1:00:00 AM,1370,21,1851338.75,0.02452662,DeviceDataService,94.37
41438662,2:00:00 AM,1370,21,1851431.88,0.02452662,DeviceDataService,93.13
41438855,3:00:00 AM,1370,21,1851524.88,0.02452662,DeviceDataService,93
41439048,4:00:00 AM,1370,21,1851614.5,0.02452662,DeviceDataService,89.62
41439241,5:00:00 AM,1370,21,1851702,0.02452662,DeviceDataService,87.5
41439434,6:00:00 AM,1370,21,1851792.75,0.02452662,DeviceDataService,90.75
41439627,7:00:00 AM,1370,21,1851888,0.02452662,DeviceDataService,95.25
41439820,8:00:00 AM,1370,21,1851983.62,0.02452662,DeviceDataService,95.62
41440013,9:00:00 AM,1370,21,1852088.88,0.02452662,DeviceDataService,105.26
41440206,10:00:00 AM,1370,21,1852206,0.02452662,DeviceDataService,117.12
41440399,11:00:00 AM,1370,21,1852330.38,0.02452662,DeviceDataService,124.38
41440592,12:00:00 PM,1370,21,1852455.88,0.02452662,DeviceDataService,125.5
41440785,1:00:00 PM,1370,21,1852583.12,0.02452662,DeviceDataService,127.24
41440978,2:00:00 PM,1370,21,1852713.25,0.02452662,DeviceDataService,130.13
41441171,3:00:00 PM,1370,21,1852843.25,0.02452662,DeviceDataService,130
41441364,4:00:00 PM,1370,21,1852975.62,0.02452662,DeviceDataService,132.37
41441557,5:00:00 PM,1370,21,1853105.12,0.02452662,DeviceDataService,129.5
41441750,6:00:00 PM,1370,21,1853232.38,0.02452662,DeviceDataService,127.26
41441943,7:00:00 PM,1370,21,1853360.38,0.02452662,DeviceDataService,128
41442136,8:00:00 PM,1370,21,1853475.62,0.02452662,DeviceDataService,115.24
41442329,9:00:00 PM,1370,21,1853588.75,0.02452662,DeviceDataService,113.13
41442522,10:00:00 PM,1370,21,1853701.25,0.02452662,DeviceDataService,112.5
41442715,11:00:00 PM,1370,21,1853799.88,0.02452662,DeviceDataService,98.63
41442889,12:00:00 AM,1370,21,1853890.88,0.024601852,DeviceDataService,91
41443082,1:00:00 AM,1370,21,1853980.75,0.024601852,DeviceDataService,89.87
41443275,2:00:00 AM,1370,21,1854070,0.024601852,DeviceDataService,89.25
41443468,3:00:00 AM,1370,21,1854158,0.024601852,DeviceDataService,88
41443661,4:00:00 AM,1370,21,1854247.5,0.024601852,DeviceDataService,89.5
41443854,5:00:00 AM,1370,21,1854338.38,0.024601852,DeviceDataService,90.88
41444047,6:00:00 AM,1370,21,1854428.38,0.024601852,DeviceDataService,90
41444240,7:00:00 AM,1370,21,1854525.62,0.024601852,DeviceDataService,97.24
41444433,8:00:00 AM,1370,21,1854626,0.024601852,DeviceDataService,100.38
41444626,9:00:00 AM,1370,21,1854730.38,0.024601852,DeviceDataService,104.38
41444819,10:00:00 AM,1370,21,1854838,0.024601852,DeviceDataService,107.62
41445012,11:00:00 AM,1370,21,1854952.5,0.024601852,DeviceDataService,114.5
41445205,12:00:00 PM,1370,21,1855070.88,0.024601852,DeviceDataService,118.38
41445398,1:00:00 PM,1370,21,1855192.12,0.024601852,DeviceDataService,121.24
41445591,2:00:00 PM,1370,21,1855318.38,0.024601852,DeviceDataService,126.26
41445784,3:00:00 PM,1370,21,1855448.12,0.024601852,DeviceDataService,129.74
41445977,4:00:00 PM,1370,21,1855573.25,0.024601852,DeviceDataService,125.13
41446170,5:00:00 PM,1370,21,1855700.75,0.024601852,DeviceDataService,127.5
41446363,6:00:00 PM,1370,21,1855829.25,0.024601852,DeviceDataService,128.5
41446556,7:00:00 PM,1370,21,1855956,0.024601852,DeviceDataService,126.75
41446749,8:00:00 PM,1370,21,1856066.88,0.024601852,DeviceDataService,110.88
41446942,9:00:00 PM,1370,21,1856171.62,0.024601852,DeviceDataService,104.74
41447135,10:00:00 PM,1370,21,1856275.25,0.024601852,DeviceDataService,103.63
41447328,11:00:00 PM,1370,21,1856370,0.024601852,DeviceDataService,94.75
41447544,12:00:00 AM,1370,21,1856459.25,0.024680556,DeviceDataService,89.25
41447737,1:00:00 AM,1370,21,1856548.38,0.024680556,DeviceDataService,89.13
41447930,2:00:00 AM,1370,21,1856636.38,0.024680556,DeviceDataService,88
41448123,3:00:00 AM,1370,21,1856722,0.024680556,DeviceDataService,85.62
41448316,4:00:00 AM,1370,21,1856809.25,0.024680556,DeviceDataService,87.25
41448509,5:00:00 AM,1370,21,1856912.75,0.024680556,DeviceDataService,103.5
41448702,6:00:00 AM,1370,21,1857024.38,0.024680556,DeviceDataService,111.63
41448895,7:00:00 AM,1370,21,1857166,0.024680556,DeviceDataService,141.62
41449088,8:00:00 AM,1370,21,1857340.75,0.024680556,DeviceDataService,174.75
41449281,9:00:00 AM,1370,21,1857583.62,0.024680556,DeviceDataService,242.87
41449474,10:00:00 AM,1370,21,1857864.88,0.024680556,DeviceDataService,281.26
41449667,11:00:00 AM,1370,21,1858126,0.024680556,DeviceDataService,261.12
41449860,12:00:00 PM,1370,21,1858389.62,0.024680556,DeviceDataService,263.62
41450053,1:00:00 PM,1370,21,1858635.25,0.024680556,DeviceDataService,245.63
41450246,2:00:00 PM,1370,21,1858898.38,0.024680556,DeviceDataService,263.13
41450439,3:00:00 PM,1370,21,1859168.75,0.024680556,DeviceDataService,270.37
41450632,4:00:00 PM,1370,21,1859442,0.024680556,DeviceDataService,273.25
41450825,5:00:00 PM,1370,21,1859699.62,0.024680556,DeviceDataService,257.62
41451018,6:00:00 PM,1370,21,1859934.88,0.024680556,DeviceDataService,235.26
41451211,7:00:00 PM,1370,21,1860153.62,0.024680556,DeviceDataService,218.74
41451404,8:00:00 PM,1370,21,1860356.38,0.024680556,DeviceDataService,202.76
41451597,9:00:00 PM,1370,21,1860550.75,0.024680556,DeviceDataService,194.37
41451790,10:00:00 PM,1370,21,1860728.88,0.024680556,DeviceDataService,178.13
41451983,11:00:00 PM,1370,21,1860728.88,0.024680556,DeviceDataService,94.75
41452186,12:00:00 AM,1370,21,1860728.88,0.024758102,DeviceDataService,89.25
41452379,1:00:00 AM,1370,21,1860728.88,0.024758102,DeviceDataService,89.13
41452572,2:00:00 AM,1370,21,1860728.88,0.024758102,DeviceDataService,88
41452765,3:00:00 AM,1370,21,1860728.88,0.024758102,DeviceDataService,85.62
41452958,4:00:00 AM,1370,21,1860728.88,0.024758102,DeviceDataService,87.25
41453151,5:00:00 AM,1370,21,1860728.88,0.024758102,DeviceDataService,103.5
41453344,6:00:00 AM,1370,21,1860728.88,0.024758102,DeviceDataService,111.63
41453537,7:00:00 AM,1370,21,1860728.88,0.024758102,DeviceDataService,141.62
41453730,8:00:00 AM,1370,21,1860728.88,0.024758102,DeviceDataService,174.75
41453923,9:00:00 AM,1370,21,1860728.88,0.024758102,DeviceDataService,242.87
41454116,10:00:00 AM,1370,21,1860728.88,0.024758102,DeviceDataService,281.26
41454309,11:00:00 AM,1370,21,1860728.88,0.024758102,DeviceDataService,261.12
41454502,12:00:00 PM,1370,21,1860728.88,0.024758102,DeviceDataService,263.62
41454695,1:00:00 PM,1370,21,1860728.88,0.024758102,DeviceDataService,245.63
41454888,2:00:00 PM,1370,21,1860728.88,0.024758102,DeviceDataService,263.13
41455081,3:00:00 PM,1370,21,1860728.88,0.024758102,DeviceDataService,270.37
41455274,4:00:00 PM,1370,21,1860728.88,0.024758102,DeviceDataService,273.25
41455467,5:00:00 PM,1370,21,1860728.88,0.024758102,DeviceDataService,257.62
41455660,6:00:00 PM,1370,21,1860728.88,0.024758102,DeviceDataService,235.26
41455853,7:00:00 PM,1370,21,1860728.88,0.024758102,DeviceDataService,128
41456046,8:00:00 PM,1370,21,1860728.88,0.024758102,DeviceDataService,115.24
41456239,9:00:00 PM,1370,21,1860728.88,0.024758102,DeviceDataService,113.13
41456432,10:00:00 PM,1370,21,1860728.88,0.024758102,DeviceDataService,112.5
41456625,11:00:00 PM,1370,21,1860728.88,0.024758102,DeviceDataService,98.63
41456805,12:00:00 AM,1370,21,1860728.88,0.024835648,DeviceDataService,91
41456998,1:00:00 AM,1370,21,1860728.88,0.024835648,DeviceDataService,89.87
41457191,2:00:00 AM,1370,21,1860728.88,0.024835648,DeviceDataService,89.25
41457384,3:00:00 AM,1370,21,1860728.88,0.024835648,DeviceDataService,88
41457577,4:00:00 AM,1370,21,1860728.88,0.024835648,DeviceDataService,89.5
41457770,5:00:00 AM,1370,21,1860728.88,0.024835648,DeviceDataService,90.88
41457963,6:00:00 AM,1370,21,1860728.88,0.024835648,DeviceDataService,90
41458156,7:00:00 AM,1370,21,1860728.88,0.024835648,DeviceDataService,144.37
41458349,8:00:00 AM,1370,21,1860728.88,0.024835648,DeviceDataService,185.5
41458542,9:00:00 AM,1370,21,1860728.88,0.024835648,DeviceDataService,248.87
41458735,10:00:00 AM,1370,21,1860728.88,0.024835648,DeviceDataService,283.5
41458928,11:00:00 AM,1370,21,1860728.88,0.024835648,DeviceDataService,273.76
41459121,12:00:00 PM,1370,21,1860728.88,0.024835648,DeviceDataService,251.5
41459314,1:00:00 PM,1370,21,1860728.88,0.024835648,DeviceDataService,248
41459507,2:00:00 PM,1370,21,1860728.88,0.024835648,DeviceDataService,278.74
41459700,3:00:00 PM,1370,21,1860728.88,0.024835648,DeviceDataService,273.26
41459893,4:00:00 PM,1370,21,1868679.12,0.024835648,DeviceDataService,250
41460086,5:00:00 PM,1370,21,1868942,0.024835648,DeviceDataService,262.88
41460279,6:00:00 PM,1370,21,1869177.25,0.024835648,DeviceDataService,235.25
41460472,7:00:00 PM,1370,21,1869396.38,0.024835648,DeviceDataService,219.13
41460665,8:00:00 PM,1370,21,1869597.62,0.024835648,DeviceDataService,201.24
41460858,9:00:00 PM,1370,21,1869788.38,0.024835648,DeviceDataService,190.76
41461051,10:00:00 PM,1370,21,1869970.38,0.024835648,DeviceDataService,182
41461244,11:00:00 PM,1370,21,1870116,0.024835648,DeviceDataService,145.62
41461433,12:00:00 AM,1370,21,1870223.25,0.0249375,DeviceDataService,107.25
41461626,1:00:00 AM,1370,21,1870330.38,0.0249375,DeviceDataService,107.13
41461819,2:00:00 AM,1370,21,1870434.88,0.0249375,DeviceDataService,104.5
41462012,3:00:00 AM,1370,21,1870534,0.0249375,DeviceDataService,99.12
41462205,4:00:00 AM,1370,21,1870642,0.0249375,DeviceDataService,108
41462398,5:00:00 AM,1370,21,1870751.25,0.0249375,DeviceDataService,109.25
41462591,6:00:00 AM,1370,21,1870882.88,0.0249375,DeviceDataService,131.63
41462784,7:00:00 AM,1370,21,1871027.25,0.0249375,DeviceDataService,144.37
41462977,8:00:00 AM,1370,21,1871212.75,0.0249375,DeviceDataService,185.5
41463170,9:00:00 AM,1370,21,1871461.62,0.0249375,DeviceDataService,248.87
41463363,10:00:00 AM,1370,21,1871745.12,0.0249375,DeviceDataService,283.5
41463556,11:00:00 AM,1370,21,1872018.88,0.0249375,DeviceDataService,273.76
41463749,12:00:00 PM,1370,21,1872270.38,0.0249375,DeviceDataService,251.5
41463942,1:00:00 PM,1370,21,1872518.38,0.0249375,DeviceDataService,248
41464135,2:00:00 PM,1370,21,1872797.12,0.0249375,DeviceDataService,278.74
41464328,3:00:00 PM,1370,21,1873070.38,0.0249375,DeviceDataService,273.26
41464521,4:00:00 PM,1370,21,1873345.12,0.0249375,DeviceDataService,274.74
41464714,5:00:00 PM,1370,21,1873608.5,0.0249375,DeviceDataService,263.38
41464907,6:00:00 PM,1370,21,1873848.5,0.0249375,DeviceDataService,240
41465100,7:00:00 PM,1370,21,1874063.25,0.0249375,DeviceDataService,214.75
41465293,8:00:00 PM,1370,21,1874261.25,0.0249375,DeviceDataService,198
41465486,9:00:00 PM,1370,21,1874452.38,0.0249375,DeviceDataService,191.13
41465679,10:00:00 PM,1370,21,1874635.62,0.0249375,DeviceDataService,183.24
41465872,11:00:00 PM,1370,21,1874789.25,0.0249375,DeviceDataService,153.63
41466082,12:00:00 AM,1370,21,1874892.75,0.025011574,DeviceDataService,103.5
41466275,1:00:00 AM,1370,21,1874994.88,0.025011574,DeviceDataService,102.13
41466468,2:00:00 AM,1370,21,1875095.12,0.025011574,DeviceDataService,100.24
41466661,3:00:00 AM,1370,21,1875196,0.025011574,DeviceDataService,100.88
41466854,4:00:00 AM,1370,21,1875300.38,0.025011574,DeviceDataService,104.38
41467047,5:00:00 AM,1370,21,1875409.62,0.025011574,DeviceDataService,109.24
41467240,6:00:00 AM,1370,21,1875533.12,0.025011574,DeviceDataService,123.5
41467433,7:00:00 AM,1370,21,1875687.88,0.025011574,DeviceDataService,154.76
41467626,8:00:00 AM,1370,21,1875871.25,0.025011574,DeviceDataService,183.37
41467819,9:00:00 AM,1370,21,1876116.38,0.025011574,DeviceDataService,245.13
41468012,10:00:00 AM,1370,21,1876406.75,0.025011574,DeviceDataService,290.37
41468205,11:00:00 AM,1370,21,1876674.88,0.025011574,DeviceDataService,268.13
41468398,12:00:00 PM,1370,21,1876917.62,0.025011574,DeviceDataService,242.74
41468591,1:00:00 PM,1370,21,1877161.25,0.025011574,DeviceDataService,243.63
41468784,2:00:00 PM,1370,21,1877430,0.025011574,DeviceDataService,268.75
41468977,3:00:00 PM,1370,21,1877705.62,0.025011574,DeviceDataService,275.62
41469170,4:00:00 PM,1370,21,1877985.12,0.025011574,DeviceDataService,279.5
41469363,5:00:00 PM,1370,21,1878244.88,0.025011574,DeviceDataService,259.76
41469556,6:00:00 PM,1370,21,1878476,0.025011574,DeviceDataService,231.12
41469749,7:00:00 PM,1370,21,1878681.25,0.025011574,DeviceDataService,205.25
41469942,8:00:00 PM,1370,21,1878870.75,0.025011574,DeviceDataService,189.5
41470135,9:00:00 PM,1370,21,1879055.25,0.025011574,DeviceDataService,184.5
41470328,10:00:00 PM,1370,21,1879120.38,0.025011574,DeviceDataService,183.24
41470521,11:00:00 PM,1370,21,1879120.38,0.025011574,DeviceDataService,93.63
41470702,12:00:00 AM,1370,21,1879120.38,0.02508912,DeviceDataService,93.12
41470895,1:00:00 AM,1370,21,1879120.38,0.02508912,DeviceDataService,91.25
41471088,2:00:00 AM,1370,21,1879120.38,0.02508912,DeviceDataService,84.37
41471281,3:00:00 AM,1370,21,1879120.38,0.02508912,DeviceDataService,82.5
41471474,4:00:00 AM,1370,21,1879120.38,0.02508912,DeviceDataService,80.76
41471667,5:00:00 AM,1370,21,1879120.38,0.02508912,DeviceDataService,86.87
41471860,6:00:00 AM,1370,21,1879120.38,0.02508912,DeviceDataService,88.75
41472053,7:00:00 AM,1370,21,1879120.38,0.02508912,DeviceDataService,89.12
41472246,8:00:00 AM,1370,21,1879120.38,0.02508912,DeviceDataService,93.26
41472439,9:00:00 AM,1370,21,1879120.38,0.02508912,DeviceDataService,104.87
41472632,10:00:00 AM,1370,21,1879120.38,0.02508912,DeviceDataService,110.37
41472825,11:00:00 AM,1370,21,1879120.38,0.02508912,DeviceDataService,115.26
41473018,12:00:00 PM,1370,21,1879120.38,0.02508912,DeviceDataService,116.74
41473211,1:00:00 PM,1370,21,1879120.38,0.02508912,DeviceDataService,120
41473404,2:00:00 PM,1370,21,1879120.38,0.02508912,DeviceDataService,124
41473597,3:00:00 PM,1370,21,1879120.38,0.02508912,DeviceDataService,124
41473790,4:00:00 PM,1370,21,1879120.38,0.02508912,DeviceDataService,124.38
41473983,5:00:00 PM,1370,21,1879120.38,0.02508912,DeviceDataService,122.75
41474176,6:00:00 PM,1370,21,1879120.38,0.02508912,DeviceDataService,124
41474369,7:00:00 PM,1370,21,1879120.38,0.02508912,DeviceDataService,115.25
41474562,8:00:00 PM,1370,21,1879120.38,0.02508912,DeviceDataService,113.12
41474755,9:00:00 PM,1370,21,1879120.38,0.02508912,DeviceDataService,111.63
41474948,10:00:00 PM,1370,21,1879120.38,0.02508912,DeviceDataService,100
41475141,11:00:00 PM,1370,21,1879120.38,0.02508912,DeviceDataService,86.87
41475276,12:00:00 AM,1370,21,1879120.38,0.025163194,DeviceDataService,85.5
41475469,1:00:00 AM,1370,21,1879120.38,0.025163194,DeviceDataService,85.26
41475662,2:00:00 AM,1370,21,1879120.38,0.025163194,DeviceDataService,85.24
41475855,3:00:00 AM,1370,21,1879120.38,0.025163194,DeviceDataService,84.38
41476048,4:00:00 AM,1370,21,1879120.38,0.025163194,DeviceDataService,84
41476241,5:00:00 AM,1370,21,1879120.38,0.025163194,DeviceDataService,85.62
41476434,6:00:00 AM,1370,21,1879120.38,0.025163194,DeviceDataService,93.13
41476627,7:00:00 AM,1370,21,1879120.38,0.025163194,DeviceDataService,98.13
41476820,8:00:00 AM,1370,21,1879120.38,0.025163194,DeviceDataService,99.87
41477013,9:00:00 AM,1370,21,1879120.38,0.025163194,DeviceDataService,108.13
41477206,10:00:00 AM,1370,21,1879120.38,0.025163194,DeviceDataService,113.5
41477399,11:00:00 AM,1370,21,1879120.38,0.025163194,DeviceDataService,116.5
41477592,12:00:00 PM,1370,21,1879120.38,0.025163194,DeviceDataService,121.24
41477785,1:00:00 PM,1370,21,1879120.38,0.025163194,DeviceDataService,123.5
41477978,2:00:00 PM,1370,21,1879120.38,0.025163194,DeviceDataService,124.76
41478171,3:00:00 PM,1370,21,1879120.38,0.025163194,DeviceDataService,124.37
41478364,4:00:00 PM,1370,21,1879120.38,0.025163194,DeviceDataService,124.13
41478557,5:00:00 PM,1370,21,1879120.38,0.025163194,DeviceDataService,123.5
41478750,6:00:00 PM,1370,21,1879120.38,0.025163194,DeviceDataService,121.24
41478943,7:00:00 PM,1370,21,1879120.38,0.025163194,DeviceDataService,107.63
41479136,8:00:00 PM,1370,21,1879120.38,0.025163194,DeviceDataService,105.13
41479329,9:00:00 PM,1370,21,1879120.38,0.025163194,DeviceDataService,102.12
41479522,10:00:00 PM,1370,21,1884829.12,0.025163194,DeviceDataService,93.88
41479715,11:00:00 PM,1370,21,1884932,0.025163194,DeviceDataService,84.87
41479977,12:00:00 AM,1370,21,1885020.75,0.025232639,DeviceDataService,88.75
41480170,1:00:00 AM,1370,21,1885108.38,0.025232639,DeviceDataService,87.63
41480363,2:00:00 AM,1370,21,1885194.38,0.025232639,DeviceDataService,86
41480556,3:00:00 AM,1370,21,1885281.12,0.025232639,DeviceDataService,86.74
41480749,4:00:00 AM,1370,21,1885375.62,0.025232639,DeviceDataService,94.5
41480942,5:00:00 AM,1370,21,1885469.62,0.025232639,DeviceDataService,94
41481135,6:00:00 AM,1370,21,1885584,0.025232639,DeviceDataService,114.38
41481328,7:00:00 AM,1370,21,1885726.88,0.025232639,DeviceDataService,142.88
41481521,8:00:00 AM,1370,21,1885914.38,0.025232639,DeviceDataService,187.5
41481714,9:00:00 AM,1370,21,1886165.62,0.025232639,DeviceDataService,251.24
41481907,10:00:00 AM,1370,21,1886452,0.025232639,DeviceDataService,286.38
41482100,11:00:00 AM,1370,21,1886721.5,0.025232639,DeviceDataService,269.5
41482293,12:00:00 PM,1370,21,1886998.75,0.025232639,DeviceDataService,277.25
41482486,1:00:00 PM,1370,21,1887254.75,0.025232639,DeviceDataService,256
41482679,2:00:00 PM,1370,21,1887531.62,0.025232639,DeviceDataService,276.87
41482872,3:00:00 PM,1370,21,1887813.25,0.025232639,DeviceDataService,281.63
41483065,4:00:00 PM,1370,21,1888101.25,0.025232639,DeviceDataService,288
41483258,5:00:00 PM,1370,21,1888363.62,0.025232639,DeviceDataService,262.37
41483451,6:00:00 PM,1370,21,1888602.75,0.025232639,DeviceDataService,239.13
41483644,7:00:00 PM,1370,21,1888819.25,0.025232639,DeviceDataService,216.5
41483837,8:00:00 PM,1370,21,1889024.75,0.025232639,DeviceDataService,205.5
41484030,9:00:00 PM,1370,21,1889215.62,0.025232639,DeviceDataService,190.87
41484223,10:00:00 PM,1370,21,1889399.5,0.025232639,DeviceDataService,183.88
41484416,11:00:00 PM,1370,21,1889564.75,0.025232639,DeviceDataService,165.25
41484592,12:00:00 AM,1370,21,1889676.75,0.025305556,DeviceDataService,112
41484785,1:00:00 AM,1370,21,1889785.62,0.025305556,DeviceDataService,108.87
41484978,2:00:00 AM,1370,21,1889892.88,0.025305556,DeviceDataService,107.26
41485171,3:00:00 AM,1370,21,1889997.12,0.025305556,DeviceDataService,104.24
41485364,4:00:00 AM,1370,21,1890097.12,0.025305556,DeviceDataService,100
41485557,5:00:00 AM,1370,21,1890206.5,0.025305556,DeviceDataService,109.38
41485750,6:00:00 AM,1370,21,1890332.38,0.025305556,DeviceDataService,125.88
41485943,7:00:00 AM,1370,21,1890491.62,0.025305556,DeviceDataService,159.24
41486136,8:00:00 AM,1370,21,1890679.5,0.025305556,DeviceDataService,187.88
41486329,9:00:00 AM,1370,21,1890933.25,0.025305556,DeviceDataService,253.75
41486522,10:00:00 AM,1370,21,1891210.75,0.025305556,DeviceDataService,277.5
41486715,11:00:00 AM,1370,21,1891495.5,0.025305556,DeviceDataService,284.75
41486908,12:00:00 PM,1370,21,1891753.25,0.025305556,DeviceDataService,257.75
41487101,1:00:00 PM,1370,21,1892012.38,0.025305556,DeviceDataService,259.13
41487294,2:00:00 PM,1370,21,1892284,0.025305556,DeviceDataService,271.62
41487487,3:00:00 PM,1370,21,1892554.38,0.025305556,DeviceDataService,270.38
41487680,4:00:00 PM,1370,21,1892836.88,0.025305556,DeviceDataService,282.5
41487873,5:00:00 PM,1370,21,1893101.12,0.025305556,DeviceDataService,264.24
41488066,6:00:00 PM,1370,21,1893342,0.025305556,DeviceDataService,240.88
41488259,7:00:00 PM,1370,21,1893564.75,0.025305556,DeviceDataService,222.75
41488452,8:00:00 PM,1370,21,1893766.75,0.025305556,DeviceDataService,202
41488645,9:00:00 PM,1370,21,1893958.38,0.025305556,DeviceDataService,191.63
41488838,10:00:00 PM,1370,21,1894142.88,0.025305556,DeviceDataService,184.5
41489031,11:00:00 PM,1370,21,1894287.25,0.025305556,DeviceDataService,144.37
41489218,12:00:00 AM,1370,21,1894392.12,0.025385417,DeviceDataService,104.87
41489411,1:00:00 AM,1370,21,1894497.12,0.025385417,DeviceDataService,105
41489604,2:00:00 AM,1370,21,1894602,0.025385417,DeviceDataService,104.88
41489797,3:00:00 AM,1370,21,1894704,0.025385417,DeviceDataService,102
41489990,4:00:00 AM,1370,21,1894713.62,0.025385417,DeviceDataService,94.5
41490183,5:00:00 AM,1370,21,1894713.62,0.025385417,DeviceDataService,94
41490376,6:00:00 AM,1370,21,1894713.62,0.025385417,DeviceDataService,114.38
41490569,7:00:00 AM,1370,21,1894713.62,0.025385417,DeviceDataService,142.88
41490762,8:00:00 AM,1370,21,1894713.62,0.025385417,DeviceDataService,187.5
41490955,9:00:00 AM,1370,21,1894713.62,0.025385417,DeviceDataService,251.24
41491148,10:00:00 AM,1370,21,1894713.62,0.025385417,DeviceDataService,286.38
41491341,11:00:00 AM,1370,21,1894713.62,0.025385417,DeviceDataService,269.5
41491534,12:00:00 PM,1370,21,1894713.62,0.025385417,DeviceDataService,277.25
41491727,1:00:00 PM,1370,21,1896647.5,0.025385417,DeviceDataService,270
41491920,2:00:00 PM,1370,21,1896922.75,0.025385417,DeviceDataService,275.25
41492113,3:00:00 PM,1370,21,1897196.38,0.025385417,DeviceDataService,273.63
41492306,4:00:00 PM,1370,21,1897480.5,0.025385417,DeviceDataService,284.12
41492499,5:00:00 PM,1370,21,1897748.75,0.025385417,DeviceDataService,268.25
41492692,6:00:00 PM,1370,21,1897984.38,0.025385417,DeviceDataService,235.63
41492885,7:00:00 PM,1370,21,1898202.38,0.025385417,DeviceDataService,218
41493078,8:00:00 PM,1370,21,1898401.12,0.025385417,DeviceDataService,198.74
41493271,9:00:00 PM,1370,21,1898592.75,0.025385417,DeviceDataService,191.63
41493464,10:00:00 PM,1370,21,1898776.88,0.025385417,DeviceDataService,184.13
41493657,11:00:00 PM,1370,21,1898921.62,0.025385417,DeviceDataService,144.74
41493779,12:00:00 AM,1370,21,1899028.38,0.025484954,DeviceDataService,106.76
41493972,1:00:00 AM,1370,21,1899134,0.025484954,DeviceDataService,105.62
41494165,2:00:00 AM,1370,21,1899240.5,0.025484954,DeviceDataService,106.5
41494358,3:00:00 AM,1370,21,1899343.62,0.025484954,DeviceDataService,103.12
41494551,4:00:00 AM,1370,21,1899449.25,0.025484954,DeviceDataService,105.63
41494744,5:00:00 AM,1370,21,1899561.25,0.025484954,DeviceDataService,112
41494937,6:00:00 AM,1370,21,1899688.88,0.025484954,DeviceDataService,127.63
41495130,7:00:00 AM,1370,21,1899837.12,0.025484954,DeviceDataService,148.24
41495323,8:00:00 AM,1370,21,1900023.12,0.025484954,DeviceDataService,186
41495516,9:00:00 AM,1370,21,1900270.38,0.025484954,DeviceDataService,247.26
41495709,10:00:00 AM,1370,21,1900560.38,0.025484954,DeviceDataService,290
41495902,11:00:00 AM,1370,21,1900829.12,0.025484954,DeviceDataService,268.74
41496095,12:00:00 PM,1370,21,1901076.75,0.025484954,DeviceDataService,247.63
41496288,1:00:00 PM,1370,21,1901324.75,0.025484954,DeviceDataService,248
41496481,2:00:00 PM,1370,21,1901596,0.025484954,DeviceDataService,271.25
41496674,3:00:00 PM,1370,21,1901864.5,0.025484954,DeviceDataService,268.5
41496867,4:00:00 PM,1370,21,1902142,0.025484954,DeviceDataService,277.5
41497060,5:00:00 PM,1370,21,1902403.25,0.025484954,DeviceDataService,261.25
41497253,6:00:00 PM,1370,21,1902642.88,0.025484954,DeviceDataService,239.63
41497446,7:00:00 PM,1370,21,1902860.75,0.025484954,DeviceDataService,217.87
41497639,8:00:00 PM,1370,21,1903063.12,0.025484954,DeviceDataService,202.37
41497832,9:00:00 PM,1370,21,1903254.75,0.025484954,DeviceDataService,191.63
41498025,10:00:00 PM,1370,21,1903437.12,0.025484954,DeviceDataService,182.37
41498218,11:00:00 PM,1370,21,1903566,0.025484954,DeviceDataService,128.88
41498491,12:00:00 AM,1370,21,1903677.12,0.025554398,DeviceDataService,111.12
41498684,1:00:00 AM,1370,21,1903783.88,0.025554398,DeviceDataService,106.76
41498877,2:00:00 AM,1370,21,1903885.12,0.025554398,DeviceDataService,101.24
41499070,3:00:00 AM,1370,21,1903983.62,0.025554398,DeviceDataService,98.5
41499263,4:00:00 AM,1370,21,1904088.88,0.025554398,DeviceDataService,105.26
41499456,5:00:00 AM,1370,21,1904196.38,0.025554398,DeviceDataService,107.5
41499649,6:00:00 AM,1370,21,1904321.5,0.025554398,DeviceDataService,125.12
41499842,7:00:00 AM,1370,21,1904479.62,0.025554398,DeviceDataService,158.12
41500035,8:00:00 AM,1370,21,1904668.75,0.025554398,DeviceDataService,189.13
41500228,9:00:00 AM,1370,21,1904907.62,0.025554398,DeviceDataService,238.87
41500421,10:00:00 AM,1370,21,1905177.62,0.025554398,DeviceDataService,270
41500614,11:00:00 AM,1370,21,1905453.12,0.025554398,DeviceDataService,275.5
41500807,12:00:00 PM,1370,21,1905695.62,0.025554398,DeviceDataService,242.5
41501000,1:00:00 PM,1370,21,1905938,0.025554398,DeviceDataService,242.38
41501193,2:00:00 PM,1370,21,1906196.38,0.025554398,DeviceDataService,258.38
41501386,3:00:00 PM,1370,21,1906454.75,0.025554398,DeviceDataService,258.37
41501579,4:00:00 PM,1370,21,1906724.38,0.025554398,DeviceDataService,269.63
41501772,5:00:00 PM,1370,21,1906982,0.025554398,DeviceDataService,257.62
41501965,6:00:00 PM,1370,21,1907143.88,0.025554398,DeviceDataService,250
41502158,7:00:00 PM,1370,21,1907143.88,0.025554398,DeviceDataService,222.75
41502351,8:00:00 PM,1370,21,1907143.88,0.025554398,DeviceDataService,202
41502544,9:00:00 PM,1370,21,1907143.88,0.025554398,DeviceDataService,191.63
41502737,10:00:00 PM,1370,21,1907143.88,0.025554398,DeviceDataService,184.5
41502930,11:00:00 PM,1370,21,1907143.88,0.025554398,DeviceDataService,144.37
41503105,12:00:00 AM,1370,21,1907143.88,0.025622685,DeviceDataService,104.87
41503298,1:00:00 AM,1370,21,1907143.88,0.025622685,DeviceDataService,105
41503491,2:00:00 AM,1370,21,1907143.88,0.025622685,DeviceDataService,104.88
41503684,3:00:00 AM,1370,21,1907143.88,0.025622685,DeviceDataService,102
41503877,4:00:00 AM,1370,21,1907143.88,0.025622685,DeviceDataService,94.5
41504070,5:00:00 AM,1370,21,1907143.88,0.025622685,DeviceDataService,94
41504263,6:00:00 AM,1370,21,1907143.88,0.025622685,DeviceDataService,114.38
41504456,7:00:00 AM,1370,21,1908788.38,0.025622685,DeviceDataService,110
41504649,8:00:00 AM,1370,21,1908890.38,0.025622685,DeviceDataService,102
41504842,9:00:00 AM,1370,21,1909000.88,0.025622685,DeviceDataService,110.5
41505035,10:00:00 AM,1370,21,1909120,0.025622685,DeviceDataService,119.12
41505228,11:00:00 AM,1370,21,1909244,0.025622685,DeviceDataService,124
41505421,12:00:00 PM,1370,21,1909370,0.025622685,DeviceDataService,126
41505614,1:00:00 PM,1370,21,1909502.5,0.025622685,DeviceDataService,132.5
41505807,2:00:00 PM,1370,21,1909641.62,0.025622685,DeviceDataService,139.12
41506000,3:00:00 PM,1370,21,1909782,0.025622685,DeviceDataService,140.38
41506193,4:00:00 PM,1370,21,1909927.5,0.025622685,DeviceDataService,145.5
41506386,5:00:00 PM,1370,21,1910067.25,0.025622685,DeviceDataService,139.75
41506579,6:00:00 PM,1370,21,1910203.62,0.025622685,DeviceDataService,136.37
41506772,7:00:00 PM,1370,21,1910338.38,0.025622685,DeviceDataService,134.76
41506965,8:00:00 PM,1370,21,1910460,0.025622685,DeviceDataService,121.62
41507158,9:00:00 PM,1370,21,1910576.38,0.025622685,DeviceDataService,116.38
41507351,10:00:00 PM,1370,21,1910692.88,0.025622685,DeviceDataService,116.5
41507544,11:00:00 PM,1370,21,1910796,0.025622685,DeviceDataService,103.12
41507757,12:00:00 AM,1370,21,1910892,0.025693287,DeviceDataService,96
41507950,1:00:00 AM,1370,21,1910986.75,0.025693287,DeviceDataService,94.75
41508143,2:00:00 AM,1370,21,1911078.38,0.025693287,DeviceDataService,91.63
41508336,3:00:00 AM,1370,21,1911165.62,0.025693287,DeviceDataService,87.24
41508529,4:00:00 AM,1370,21,1911253.25,0.025693287,DeviceDataService,87.63
41508722,5:00:00 AM,1370,21,1911344.38,0.025693287,DeviceDataService,91.13
41508915,6:00:00 AM,1370,21,1911432.88,0.025693287,DeviceDataService,88.5
41509108,7:00:00 AM,1370,21,1911530,0.025693287,DeviceDataService,97.12
41509301,8:00:00 AM,1370,21,1911628.75,0.025693287,DeviceDataService,98.75
41509494,9:00:00 AM,1370,21,1911734,0.025693287,DeviceDataService,105.25
41509687,10:00:00 AM,1370,21,1911844.38,0.025693287,DeviceDataService,110.38
41509880,11:00:00 AM,1370,21,1911965.12,0.025693287,DeviceDataService,120.74
41510073,12:00:00 PM,1370,21,1912090.38,0.025693287,DeviceDataService,125.26
41510266,1:00:00 PM,1370,21,1912219.12,0.025693287,DeviceDataService,128.74
41510459,2:00:00 PM,1370,21,1912347.62,0.025693287,DeviceDataService,128.5
41510652,3:00:00 PM,1370,21,1912477.12,0.025693287,DeviceDataService,129.5
41510845,4:00:00 PM,1370,21,1912608.38,0.025693287,DeviceDataService,131.26
41511038,5:00:00 PM,1370,21,1912739.62,0.025693287,DeviceDataService,131.24
41511231,6:00:00 PM,1370,21,1912872.88,0.025693287,DeviceDataService,133.26
41511424,7:00:00 PM,1370,21,1913002,0.025693287,DeviceDataService,129.12
41511617,8:00:00 PM,1370,21,1913121.5,0.025693287,DeviceDataService,119.5
41511810,9:00:00 PM,1370,21,1913238.38,0.025693287,DeviceDataService,116.88
41512003,10:00:00 PM,1370,21,1913355.25,0.025693287,DeviceDataService,116.87
41512196,11:00:00 PM,1370,21,1913454.38,0.025693287,DeviceDataService,99.13
41512401,12:00:00 AM,1370,21,1913548.38,0.025766204,DeviceDataService,94
41512594,1:00:00 AM,1370,21,1913642.38,0.025766204,DeviceDataService,94
41512787,2:00:00 AM,1370,21,1913733.25,0.025766204,DeviceDataService,90.87
41512980,3:00:00 AM,1370,21,1913822,0.025766204,DeviceDataService,88.75
41513173,4:00:00 AM,1370,21,1913916.38,0.025766204,DeviceDataService,94.38
41513366,5:00:00 AM,1370,21,1914014,0.025766204,DeviceDataService,97.62
41513559,6:00:00 AM,1370,21,1914124.75,0.025766204,DeviceDataService,110.75
41513752,7:00:00 AM,1370,21,1914254.88,0.025766204,DeviceDataService,130.13
41513945,8:00:00 AM,1370,21,1914420.75,0.025766204,DeviceDataService,165.87
41514138,9:00:00 AM,1370,21,1914662.75,0.025766204,DeviceDataService,242
41514331,10:00:00 AM,1370,21,1914943.25,0.025766204,DeviceDataService,280.5
41514524,11:00:00 AM,1370,21,1915212,0.025766204,DeviceDataService,268.75
41514717,12:00:00 PM,1370,21,1915479.5,0.025766204,DeviceDataService,267.5
41514910,1:00:00 PM,1370,21,1915574.75,0.025766204,DeviceDataService,250
41515103,2:00:00 PM,1370,21,1915574.75,0.025766204,DeviceDataService,272
41515296,3:00:00 PM,1370,21,1915574.75,0.025766204,DeviceDataService,272
41515489,4:00:00 PM,1370,21,1915574.75,0.025766204,DeviceDataService,284
41515682,5:00:00 PM,1370,21,1915574.75,0.025766204,DeviceDataService,254
41515875,6:00:00 PM,1370,21,1915574.75,0.025766204,DeviceDataService,238.12
41516068,7:00:00 PM,1370,21,1915574.75,0.025766204,DeviceDataService,218.38
41516261,8:00:00 PM,1370,21,1915574.75,0.025766204,DeviceDataService,201.12
41516454,9:00:00 PM,1370,21,1915574.75,0.025766204,DeviceDataService,192
41516647,10:00:00 PM,1370,21,1915574.75,0.025766204,DeviceDataService,176
41516840,11:00:00 PM,1370,21,1915574.75,0.025766204,DeviceDataService,133.5
41517015,12:00:00 AM,1370,21,1915574.75,0.025842593,DeviceDataService,113.38
41517208,1:00:00 AM,1370,21,1918268.75,0.025842593,DeviceDataService,102
41517401,2:00:00 AM,1370,21,1918372.38,0.025842593,DeviceDataService,103.63
41517594,3:00:00 AM,1370,21,1918474,0.025842593,DeviceDataService,101.62
41517787,4:00:00 AM,1370,21,1918576.38,0.025842593,DeviceDataService,102.38
41517980,5:00:00 AM,1370,21,1918691.62,0.025842593,DeviceDataService,115.24
41518173,6:00:00 AM,1370,21,1918817.12,0.025842593,DeviceDataService,125.5
41518366,7:00:00 AM,1370,21,1918954,0.025842593,DeviceDataService,136.88
41518559,8:00:00 AM,1370,21,1919130.38,0.025842593,DeviceDataService,176.38
41518752,9:00:00 AM,1370,21,1919390.88,0.025842593,DeviceDataService,260.5
41518945,10:00:00 AM,1370,21,1919684,0.025842593,DeviceDataService,293.12
41519138,11:00:00 AM,1370,21,1919954.88,0.025842593,DeviceDataService,270.88
41519331,12:00:00 PM,1370,21,1920198.75,0.025842593,DeviceDataService,243.87
41519524,1:00:00 PM,1370,21,1920441.25,0.025842593,DeviceDataService,242.5
41519717,2:00:00 PM,1370,21,1920716,0.025842593,DeviceDataService,274.75
41519910,3:00:00 PM,1370,21,1920988,0.025842593,DeviceDataService,272
41520103,4:00:00 PM,1370,21,1921270.38,0.025842593,DeviceDataService,282.38
41520296,5:00:00 PM,1370,21,1921528.12,0.025842593,DeviceDataService,257.74
41520489,6:00:00 PM,1370,21,1921762.88,0.025842593,DeviceDataService,234.76
41520682,7:00:00 PM,1370,21,1921983.25,0.025842593,DeviceDataService,220.37
41520875,8:00:00 PM,1370,21,1922188.38,0.025842593,DeviceDataService,205.13
41521068,9:00:00 PM,1370,21,1922384,0.025842593,DeviceDataService,195.62
41521261,10:00:00 PM,1370,21,1922571.62,0.025842593,DeviceDataService,187.62
41521454,11:00:00 PM,1370,21,1922709.25,0.025842593,DeviceDataService,137.63
41521650,12:00:00 AM,1370,21,1922822,0.025923611,DeviceDataService,112.75
41521843,1:00:00 AM,1370,21,1922934.75,0.025923611,DeviceDataService,112.75
41522036,2:00:00 AM,1370,21,1923046,0.025923611,DeviceDataService,111.25
41522229,3:00:00 AM,1370,21,1923146.75,0.025923611,DeviceDataService,100.75
41522422,4:00:00 AM,1370,21,1923254,0.025923611,DeviceDataService,107.25
41522615,5:00:00 AM,1370,21,1923366.38,0.025923611,DeviceDataService,112.38
41522808,6:00:00 AM,1370,21,1923491.25,0.025923611,DeviceDataService,124.87
41523001,7:00:00 AM,1370,21,1923636.38,0.025923611,DeviceDataService,145.13
41523194,8:00:00 AM,1370,21,1923822,0.025923611,DeviceDataService,185.62
41523387,9:00:00 AM,1370,21,1924068,0.025923611,DeviceDataService,246
41523580,10:00:00 AM,1370,21,1924345.62,0.025923611,DeviceDataService,277.62
41523773,11:00:00 AM,1370,21,1924615.5,0.025923611,DeviceDataService,269.88
41523966,12:00:00 PM,1370,21,1924862,0.025923611,DeviceDataService,246.5
41524159,1:00:00 PM,1370,21,1925108.75,0.025923611,DeviceDataService,246.75
41524352,2:00:00 PM,1370,21,1925374.88,0.025923611,DeviceDataService,266.13
41524545,3:00:00 PM,1370,21,1925638.75,0.025923611,DeviceDataService,263.87
41524738,4:00:00 PM,1370,21,1925920.38,0.025923611,DeviceDataService,281.63
41524931,5:00:00 PM,1370,21,1926180.38,0.025923611,DeviceDataService,260
41525124,6:00:00 PM,1370,21,1926415.62,0.025923611,DeviceDataService,235.24
41525317,7:00:00 PM,1370,21,1926631.12,0.025923611,DeviceDataService,215.5
41525510,8:00:00 PM,1370,21,1926829.12,0.025923611,DeviceDataService,198
41525703,9:00:00 PM,1370,21,1927019.62,0.025923611,DeviceDataService,190.5
41525896,10:00:00 PM,1370,21,1927203.25,0.025923611,DeviceDataService,183.63
41526089,11:00:00 PM,1370,21,1927338.38,0.025923611,DeviceDataService,135.13
41526280,12:00:00 AM,1370,21,1927448.88,0.026024306,DeviceDataService,110.5
41526473,1:00:00 AM,1370,21,1927557.25,0.026024306,DeviceDataService,108.37
41526666,2:00:00 AM,1370,21,1927660.75,0.026024306,DeviceDataService,103.5
41526859,3:00:00 AM,1370,21,1927757.12,0.026024306,DeviceDataService,96.37
41527052,4:00:00 AM,1370,21,1927856.75,0.026024306,DeviceDataService,99.63
41527245,5:00:00 AM,1370,21,1927958.75,0.026024306,DeviceDataService,102
41527438,6:00:00 AM,1370,21,1928072.88,0.026024306,DeviceDataService,114.13
41527631,7:00:00 AM,1370,21,1928228.38,0.026024306,DeviceDataService,155.5
41527824,8:00:00 AM,1370,21,1928412,0.026024306,DeviceDataService,183.62
41528017,9:00:00 AM,1370,21,1928651.62,0.026024306,DeviceDataService,239.62
41528210,10:00:00 AM,1370,21,1928933.62,0.026024306,DeviceDataService,282
41528403,11:00:00 AM,1370,21,1929210,0.026024306,DeviceDataService,276.38
41528596,12:00:00 PM,1370,21,1929454.88,0.026024306,DeviceDataService,244.88
41528789,1:00:00 PM,1370,21,1929696.38,0.026024306,DeviceDataService,241.5
41528982,2:00:00 PM,1370,21,1929968.38,0.026024306,DeviceDataService,272
41529175,3:00:00 PM,1370,21,1930240.38,0.026024306,DeviceDataService,272
41529368,4:00:00 PM,1370,21,1930524.38,0.026024306,DeviceDataService,284
41529561,5:00:00 PM,1370,21,1930778.38,0.026024306,DeviceDataService,254
41529754,6:00:00 PM,1370,21,1931016.5,0.026024306,DeviceDataService,238.12
41529947,7:00:00 PM,1370,21,1931234.88,0.026024306,DeviceDataService,218.38
41530140,8:00:00 PM,1370,21,1931436,0.026024306,DeviceDataService,201.12
41530333,9:00:00 PM,1370,21,1931628,0.026024306,DeviceDataService,192
41530526,10:00:00 PM,1370,21,1931804,0.026024306,DeviceDataService,176
41530719,11:00:00 PM,1370,21,1931937.5,0.026024306,DeviceDataService,133.5
41530928,12:00:00 AM,1370,21,1932050.88,0.026106481,DeviceDataService,113.38
41531121,1:00:00 AM,1370,21,1932161.12,0.026106481,DeviceDataService,110.24
41531314,2:00:00 AM,1370,21,1932264.88,0.026106481,DeviceDataService,103.76
41531507,3:00:00 AM,1370,21,1932362.75,0.026106481,DeviceDataService,97.87
41531700,4:00:00 AM,1370,21,1932460.38,0.026106481,DeviceDataService,97.63
41531893,5:00:00 AM,1370,21,1932570,0.026106481,DeviceDataService,109.62
41532086,6:00:00 AM,1370,21,1932674.38,0.026106481,DeviceDataService,104.38
41532279,7:00:00 AM,1370,21,1932832,0.026106481,DeviceDataService,157.62
41532472,8:00:00 AM,1370,21,1933025.5,0.026106481,DeviceDataService,193.5
41532665,9:00:00 AM,1370,21,1933268.75,0.026106481,DeviceDataService,243.25
41532858,10:00:00 AM,1370,21,1933539.25,0.026106481,DeviceDataService,270.5
41533051,11:00:00 AM,1370,21,1933823.62,0.026106481,DeviceDataService,284.37
41533244,12:00:00 PM,1370,21,1934072.5,0.026106481,DeviceDataService,248.88
41533437,1:00:00 PM,1370,21,1934318,0.026106481,DeviceDataService,245.5
41533630,2:00:00 PM,1370,21,1934588.38,0.026106481,DeviceDataService,270.38
41533823,3:00:00 PM,1370,21,1934848.75,0.026106481,DeviceDataService,260.37
41534016,4:00:00 PM,1370,21,1935124.75,0.026106481,DeviceDataService,276
41534209,5:00:00 PM,1370,21,1935371.25,0.026106481,DeviceDataService,246.5
41534402,6:00:00 PM,1370,21,1935591.12,0.026106481,DeviceDataService,219.87
41534595,7:00:00 PM,1370,21,1935789.62,0.026106481,DeviceDataService,198.5
41534788,8:00:00 PM,1370,21,1935962,0.026106481,DeviceDataService,172.38
41534981,9:00:00 PM,1370,21,1936125.62,0.026106481,DeviceDataService,163.62
41535174,10:00:00 PM,1370,21,1936286.5,0.026106481,DeviceDataService,160.88
41535367,11:00:00 PM,1370,21,1936403.25,0.026106481,DeviceDataService,116.75
79766059,12:00:00 AM,1370,21,1936499.62,0.00122338,DeviceDataService,96.37
